City_ID,City,Lat,Lng,Max Temp,Humidity,Cloudiness,Wind Speed,Country,Date
0,chibougamau,49.9168,-74.3659,276.94,93,100,4.63,CA,1682369319
1,la ronge,55.1001,-105.2842,283.29,25,100,6.69,CA,1682369319
2,ushuaia,-54.8,-68.3,277.96,81,100,0.51,AR,1682369319
3,waitangi,-43.9535,-176.5597,284.16,71,86,0.89,NZ,1682369320
4,avarua,-21.2078,-159.775,300.18,65,20,6.17,CK,1682369320
5,vorgashor,67.5833,63.95,267.01,90,100,4.17,RU,1682369320
6,tura,25.5198,90.2201,294.33,57,0,1.61,IN,1682369320
7,hawaiian paradise park,19.5933,-154.9731,300.88,72,75,2.57,US,1682369321
8,kabala,9.5833,-11.55,301.8,51,12,2.8,SL,1682369321
9,san ignacio de velasco,-16.3667,-60.95,297.27,92,62,1.77,BO,1682369321
10,awjilah,29.1081,21.2869,297.54,34,98,5.85,LY,1682369321
11,whitehorse,60.7161,-135.0538,277.58,80,75,6.71,CA,1682369025
12,grytviken,-54.2811,-36.5092,275.34,93,61,5.52,GS,1682369322
13,west island,-12.1568,96.8225,300.14,74,40,9.77,CC,1682369322
14,port-aux-francais,-49.35,70.2167,277.48,64,45,8.03,TF,1682369323
15,ta`u,-14.2336,-169.5144,300.55,78,32,4.18,AS,1682369324
16,thompson,55.7435,-97.8558,278.24,38,20,0.0,CA,1682369324
17,vila franca do campo,37.7167,-25.4333,290.38,96,96,3.51,PT,1682369324
18,saint-pierre,-21.3393,55.4781,299.02,78,100,1.03,RE,1682369324
19,walvis bay,-22.9575,14.5053,297.68,50,0,3.09,NA,1682369325
20,kachug,53.9606,105.8817,268.9,84,94,0.95,RU,1682369325
21,edinburgh of the seven seas,-37.0676,-12.3116,288.86,66,89,9.1,SH,1682369325
22,lagos,6.5833,3.75,302.33,83,100,1.98,NG,1682368977
23,utrik,11.2278,169.8474,300.09,82,93,9.85,MH,1682369326
24,carutapera,-1.195,-46.02,298.64,83,58,3.26,BR,1682369326
25,pacific grove,36.6177,-121.9166,295.49,70,0,5.66,US,1682369327
26,qaqortoq,60.7167,-46.0333,275.68,81,22,3.32,GL,1682369327
27,cabo san lucas,22.8909,-109.9124,302.38,61,20,4.63,MX,1682369327
28,leh,34.1667,77.5833,268.98,46,12,0.32,IN,1682369328
29,fort frances,48.5999,-93.4003,279.35,41,75,2.57,CA,1682369328
30,adamstown,-25.066,-130.1015,298.52,87,99,5.62,PN,1682369328
31,papatowai,-46.5619,169.4708,286.83,74,80,10.64,NZ,1682369329
32,puerto natales,-51.7236,-72.4875,286.4,62,75,2.06,CL,1682369224
33,puerto ayora,-0.7393,-90.3518,303.13,86,94,3.13,EC,1682369329
34,greymouth,-42.4667,171.2,284.28,85,100,3.03,NZ,1682369329
35,aktobe,50.2797,57.2072,278.2,81,0,2.0,KZ,1682369330
36,sen monorom,12.45,107.2,293.42,80,98,0.54,KH,1682369330
37,happy valley-goose bay,53.3168,-60.3315,284.32,50,40,5.14,CA,1682369330
38,altai,46.3722,96.2583,273.86,24,98,1.51,MN,1682369331
39,flying fish cove,-10.4217,105.6791,300.11,79,96,5.95,CX,1682369331
40,chernyshevskiy,63.0128,112.4714,253.78,100,89,0.95,RU,1682369331
41,northam,51.0333,-4.2167,280.71,87,98,3.63,GB,1682369332
42,punta arenas,-53.15,-70.9167,280.21,93,100,3.6,CL,1682369332
43,port elizabeth,-33.918,25.5701,293.76,86,100,5.66,ZA,1682369203
44,tangalle,6.024,80.7911,299.19,86,93,0.79,LK,1682369333
45,dipayal,29.2608,80.94,291.02,55,100,1.57,NP,1682369333
46,toliara,-23.35,43.6667,294.58,86,0,3.19,MG,1682369333
47,albany,42.6001,-73.9662,285.14,55,88,2.72,US,1682369333
48,rozdilna,46.8433,30.0792,281.51,74,7,3.34,UA,1682369334
49,tuy hoa,13.0833,109.3,297.46,93,68,0.92,VN,1682369334
50,barra de santo antonio,-9.4047,-35.5072,299.75,85,94,3.08,BR,1682369334
51,kodiak,57.79,-152.4072,278.88,36,0,5.14,US,1682369335
52,hammerfest,70.6634,23.6821,270.4,93,75,2.06,NO,1682369335
53,heath,40.0228,-82.4446,282.52,60,100,6.69,US,1682369209
54,blackmans bay,-43.0167,147.3167,284.0,89,100,2.56,AU,1682369335
55,guerrero negro,27.9769,-114.0611,293.16,56,11,7.7,MX,1682369336
56,whistler,50.1164,-122.9695,283.72,58,40,1.03,CA,1682369336
57,carnarvon,-24.8667,113.6333,292.48,66,95,6.07,AU,1682369336
58,mermoz boabab,14.7065,-17.4758,295.46,94,0,3.09,SN,1682369336
59,sodra sandby,56.5667,16.6167,280.07,95,100,1.57,SE,1682369337
60,bangassou,4.7413,22.8184,295.11,92,60,1.05,CF,1682369337
61,watampone,-4.5386,120.3279,298.0,92,47,1.8,ID,1682369338
62,olonkinbyen,70.9221,-8.7187,269.18,80,90,7.9,SJ,1682369338
63,iqaluit,63.7506,-68.5145,274.0,93,100,2.57,CA,1682369338
64,bethel,41.3712,-73.414,288.2,41,75,4.12,US,1682369339
65,hithadhoo,-0.6,73.0833,302.07,75,99,3.94,MV,1682369339
66,buala,-8.145,159.5921,300.31,83,100,1.1,SB,1682369339
67,vernon,50.2581,-119.2691,288.49,54,100,1.54,CA,1682369339
68,karatau,43.1667,70.4667,285.15,45,5,2.54,KZ,1682369340
69,cabedelo,-6.9811,-34.8339,301.52,83,46,4.73,BR,1682369340
70,dampit,-8.2116,112.7493,294.62,95,86,1.08,ID,1682369340
71,hamilton,39.1834,-84.5333,285.03,43,75,3.6,US,1682369130
72,mil'kovo,55.6078,37.7956,289.37,56,50,2.94,RU,1682369341
73,ferkessedougou,9.6,-5.2,302.12,52,96,2.63,CI,1682369341
74,coari,-4.085,-63.1414,300.52,87,72,0.68,BR,1682369342
75,bredasdorp,-34.5322,20.0403,289.02,78,0,3.68,ZA,1682369342
76,prince george,53.9166,-122.753,283.84,60,100,2.06,CA,1682369342
77,katsuura,35.1333,140.3,286.4,59,68,4.64,JP,1682369343
78,ebaye,8.7748,167.7392,299.16,89,75,3.6,MH,1682369343
79,remire-montjoly,4.9167,-52.2667,298.17,88,100,3.09,GF,1682369343
80,am timan,11.0297,20.2827,301.91,48,100,1.98,TD,1682369344
81,afaahiti,-17.75,-149.2833,302.08,82,86,5.17,PF,1682369344
82,san patricio,28.017,-97.5169,296.52,65,55,4.98,US,1682369344
83,uturoa,-16.7333,-151.4333,300.05,81,23,5.16,PF,1682369345
84,piti village,13.4626,144.6933,300.18,91,0,3.6,GU,1682369085
85,agogo,6.8,-1.0819,297.45,87,80,2.34,GH,1682369345
86,isafjordur,66.0755,-23.124,272.68,67,88,4.42,IS,1682369346
87,an nuhud,12.7,28.4333,303.32,35,100,4.76,SD,1682369346
88,iskateley,67.6803,53.1512,265.43,95,100,1.83,RU,1682369346
89,port saint john's,-31.6229,29.5448,296.17,62,99,1.56,ZA,1682369347
90,guiuan,11.0333,125.7247,300.66,77,86,5.02,PH,1682369347
91,thunder bay,48.4001,-89.3168,276.14,55,75,1.03,CA,1682369113
92,zouerate,22.7187,-12.4521,303.17,15,0,1.3,MR,1682369348
93,coaticook,45.1334,-71.7991,282.02,84,100,2.97,CA,1682369348
94,christchurch,-43.5333,172.6333,283.38,86,24,2.57,NZ,1682369196
95,karasu,41.071,30.7854,283.55,80,5,2.08,TR,1682369349
96,tres de maio,-27.7733,-54.24,296.95,54,94,3.06,BR,1682369349
97,sao luis de montes belos,-16.525,-50.3722,296.7,74,10,0.92,BR,1682369349
98,chonchi,-42.6128,-73.8092,285.99,76,100,1.94,CL,1682369350
99,jieshi,22.8134,115.8257,294.41,89,100,6.68,CN,1682369350
100,borogontsy,62.6683,131.1683,268.42,96,100,1.27,RU,1682369100
101,invercargill,-46.4,168.35,284.83,82,90,0.89,NZ,1682369259
102,ribas do rio pardo,-20.4431,-53.7592,296.21,82,78,1.63,BR,1682369351
103,sisimiut,66.9395,-53.6735,274.56,97,100,2.0,GL,1682369351
104,altay,47.8667,88.1167,280.87,50,100,2.42,CN,1682369352
105,bilibino,68.0546,166.4372,265.61,63,1,1.49,RU,1682369352
106,tiksi,71.6872,128.8694,267.48,96,100,5.48,RU,1682369353
107,taoudenni,22.6783,-3.9836,305.5,11,0,3.8,ML,1682369353
108,halifax,44.6453,-63.5724,283.09,81,100,7.2,CA,1682369257
109,stanley,54.868,-1.6985,276.36,76,11,3.13,GB,1682369354
110,tidjikja,18.5564,-11.4271,305.02,12,1,3.76,MR,1682369354
111,jamestown,42.097,-79.2353,279.92,68,100,6.69,US,1682369302
112,george town,5.4112,100.3354,299.11,94,20,1.03,MY,1682369198
113,tamanrasset,22.785,5.5228,298.1,10,20,1.03,DZ,1682369355
114,anadyr,64.75,177.4833,265.43,66,0,4.0,RU,1682369355
115,howrah,22.5892,88.3103,296.15,88,20,0.0,IN,1682369251
116,bihar sharif,25.1833,85.5167,299.71,39,99,1.3,IN,1682369356
117,aasiaat,68.7098,-52.8699,272.86,93,92,2.52,GL,1682369356
118,constantia,44.1833,28.65,281.53,84,100,5.84,RO,1682369357
119,kailua-kona,19.6406,-155.9956,300.53,75,0,3.6,US,1682369095
120,moron,-34.6534,-58.6198,294.79,85,99,2.38,AR,1682369357
121,malango,-2.9627,119.9001,293.04,98,100,0.87,ID,1682369358
122,hermanus,-34.4187,19.2345,286.37,87,0,4.45,ZA,1682369358
123,nyrob,60.733,56.7202,277.74,92,56,2.73,RU,1682369358
124,staryye ozinki,51.1786,49.6769,286.09,86,100,3.15,RU,1682369359
125,cidreira,-30.1811,-50.2056,295.05,82,12,7.63,BR,1682369359
126,fort mcmurray,56.7268,-111.381,284.92,40,100,4.63,CA,1682368906
127,ust-nera,64.5667,143.2,263.37,93,87,3.12,RU,1682369360
128,biltine,14.5333,20.9167,307.11,20,100,2.37,TD,1682369360
129,kargil,34.5667,76.1,269.42,48,0,1.98,IN,1682369360
130,weno,7.4515,151.8468,300.12,89,100,0.0,FM,1682369361
131,idri,27.5,13.2667,297.4,29,65,5.7,LY,1682369361
132,ghat,24.9647,10.1728,299.94,20,52,5.86,LY,1682369362
133,ribeira grande,38.5167,-28.7,290.37,94,20,5.36,PT,1682369362
134,broome,42.2506,-75.833,284.1,65,100,3.13,US,1682369362
135,cooma,-36.2333,149.1333,279.79,92,0,0.63,AU,1682369362
136,colonia,50.9333,6.95,283.13,74,20,2.06,DE,1682369363
137,ilulissat,69.2167,-51.1,274.16,93,20,4.12,GL,1682369363
138,laguna,38.421,-121.4238,300.06,43,0,2.57,US,1682369364
139,keetmanshoop,-26.5833,18.1333,290.66,72,0,3.09,NA,1682369364
140,seme,15.1942,-12.9448,308.43,12,1,2.33,SN,1682369364
141,daru,-9.0763,143.2092,299.74,89,100,5.2,PG,1682369365
142,mao,39.8885,4.2658,289.46,94,40,3.09,ES,1682369365
143,georgetown,5.4112,100.3354,299.11,94,20,1.03,MY,1682369198
144,saint-zotique,45.2501,-74.2492,282.07,76,100,4.63,CA,1682369366
145,morro do chapeu,-11.55,-41.1561,295.22,60,51,5.08,BR,1682369366
146,bubaque,11.2833,-15.8333,298.87,71,3,6.97,GW,1682369367
147,bamboo flat,11.7,92.7167,300.99,77,62,0.46,IN,1682369367
148,imbituba,-28.24,-48.6703,294.49,84,12,3.85,BR,1682369368
149,yellowknife,62.456,-114.3525,282.44,43,75,2.57,CA,1682369368
150,khandyga,62.6667,135.6,268.29,92,100,1.46,RU,1682369369
151,bayanaul,50.7889,75.6956,277.16,61,10,2.68,KZ,1682369369
152,alice springs,-23.7,133.8833,283.9,87,0,3.22,AU,1682369369
153,taro,-8.3862,115.28,296.15,95,43,0.73,ID,1682369370
154,el alto,-4.2714,-81.2147,300.96,74,91,2.44,PE,1682369370
155,dunedin,-45.8742,170.5036,287.08,10,87,7.96,NZ,1682369127
156,khuzdar,27.7384,66.6434,296.24,19,100,0.86,PK,1682369371
157,sitka,57.0531,-135.33,277.09,81,100,5.14,US,1682369371
158,pindushi,62.9152,34.58,274.38,95,79,2.52,RU,1682369371
159,dombarovskiy,50.7587,59.5386,284.85,48,95,2.69,RU,1682369371
160,sola,-13.8833,167.55,300.71,75,64,4.92,VU,1682369372
161,belyy yar,53.6039,91.3903,281.09,46,0,0.0,RU,1682369372
162,hakodate,41.7758,140.7367,279.5,63,14,4.62,JP,1682369372
163,horsham,51.064,-0.3272,280.54,90,75,5.66,GB,1682369373
164,ambon,-3.6954,128.1814,302.01,88,20,2.57,ID,1682369373
165,dudinka,69.4058,86.1778,275.72,80,100,7.56,RU,1682369284
166,ribeira brava,32.65,-17.0667,292.6,79,99,1.45,PT,1682369374
167,badger,64.8,-147.5333,266.29,49,40,6.69,US,1682369374
168,grybow,49.6244,20.948,284.13,97,100,1.69,PL,1682369374
169,brisas de zicatela,15.8369,-97.0419,303.44,66,0,5.14,MX,1682369374
170,wailua homesteads,22.0669,-159.378,298.39,83,0,3.09,US,1682369375
171,college,64.8569,-147.8028,266.33,51,75,6.69,US,1682369375
172,fale old settlement,-9.3852,-171.2468,301.95,73,62,3.71,TK,1682369375
173,kudymkar,59.0173,54.656,282.53,66,50,3.24,RU,1682369376
174,yuzhno-kurilsk,44.0306,145.8556,277.95,58,10,5.74,RU,1682369376
175,upata,8.0086,-62.3989,304.37,66,95,1.3,VE,1682369376
176,terenozek,45.05,64.9833,289.81,30,5,7.0,KZ,1682369377
177,port alfred,-33.5906,26.891,292.69,93,100,1.79,ZA,1682369377
178,sandnessjoen,66.0217,12.6316,274.21,63,0,2.57,NO,1682369377
179,orel,52.9658,36.0803,283.49,72,8,2.52,RU,1682369378
180,san antonio de pale,-1.4014,5.6325,301.53,69,48,0.64,GQ,1682369378
181,udachny,66.4167,112.4,258.68,100,99,1.8,RU,1682369378
182,juneau,58.3019,-134.4197,278.94,93,100,10.8,US,1682369159
183,norilsk,69.3535,88.2027,275.61,84,94,4.34,RU,1682369379
184,lyubymivka,46.8106,33.5686,283.59,72,100,3.3,UA,1682369379
185,callao,-12.0667,-77.15,299.31,69,0,6.69,PE,1682369380
186,fort st. john,56.2499,-120.8529,276.09,93,100,3.09,CA,1682369380
187,brak,27.5496,14.2714,297.83,29,66,7.56,LY,1682369381
188,chimala,-8.85,34.0167,291.27,89,10,1.41,TZ,1682369381
189,margaret river,-33.95,115.0667,286.06,78,100,7.69,AU,1682369381
190,nicoya,10.1483,-85.452,304.76,54,79,4.32,CR,1682369256
191,rio san juan,19.6439,-70.0763,299.73,64,51,3.58,DO,1682369382
192,queenstown,-31.8976,26.8753,289.66,57,100,1.41,ZA,1682369382
193,esperanza,19.5847,-70.9849,305.47,62,32,2.24,DO,1682369382
194,alofi,-19.0595,-169.9187,298.09,88,75,2.57,NU,1682369382
195,guaratuba,-25.8828,-48.5747,297.12,83,2,2.28,BR,1682369129
196,san luis de la loma,17.2706,-100.8939,302.93,62,84,4.12,MX,1682369383
197,kingston,17.997,-76.7936,303.28,71,49,0.45,JM,1682369332
198,petropavlovsk-kamchatsky,53.0452,158.6483,274.48,60,75,1.0,RU,1682369257
199,el granada,37.5027,-122.4694,297.84,66,0,10.8,US,1682369384
200,salalah,17.0151,54.0924,302.2,74,20,2.06,OM,1682369384
201,visakhapatnam,17.69,83.2093,300.17,77,44,0.53,IN,1682369385
202,yangambi,0.8102,24.4336,293.23,93,79,1.09,CD,1682369385
203,mathba,22.2855,89.9629,298.03,63,39,1.59,BD,1682369386
204,tolanaro,-25.0319,46.9987,296.19,83,75,2.06,MG,1682369386
205,miles city,46.4083,-105.8406,290.69,23,0,5.14,US,1682369387
206,mount isa,-20.7333,139.5,292.02,55,40,2.06,AU,1682369387
207,vizinga,61.0749,50.1031,283.88,69,82,3.72,RU,1682369387
208,klyuchi,52.2667,79.1667,278.22,63,29,4.62,RU,1682369387
209,urengoy,65.9667,78.3667,267.39,94,100,4.92,RU,1682369388
210,lensk,60.7253,114.9278,265.99,99,78,1.04,RU,1682369388
211,tougue,11.4667,-11.6,300.97,25,42,1.46,GN,1682369388
212,shalya,57.2471,58.7298,281.51,72,94,2.71,RU,1682369388
213,belyayevka,51.3974,56.4096,285.93,46,100,1.84,RU,1682369389
214,uttar char fasson,22.2332,90.7132,300.41,62,8,3.51,BD,1682369389
215,bikenibeu village,1.3673,173.1241,302.13,84,20,3.6,KI,1682369389
216,ebon,4.582,168.6964,301.25,79,100,7.2,MH,1682369390
217,vilyuchinsk,52.9306,158.4028,275.3,75,40,2.72,RU,1682369258
218,tazovsky,67.4667,78.7,264.47,96,97,3.96,RU,1682369390
219,luau,-10.7073,22.2247,292.26,91,70,1.34,AO,1682369391
220,port lincoln,-34.7333,135.8667,291.52,56,49,2.66,AU,1682369391
221,plastun,44.7561,136.2939,275.92,44,62,2.54,RU,1682369391
222,melioratorov,57.2107,65.6077,278.5,70,0,5.0,RU,1682369392
223,gamay,12.3854,125.2979,298.22,90,55,2.59,PH,1682369392
224,antsiranana,-12.2787,49.2917,298.09,90,99,1.64,MG,1682369392
225,mount pearl,47.5166,-52.7813,275.9,95,100,8.23,CA,1682369393
226,puerto baquerizo moreno,-0.9,-89.6,301.7,74,40,4.12,EC,1682369393
227,lihue,21.9789,-159.3672,298.73,83,0,3.09,US,1682369393
228,las heras,-46.5419,-68.9359,291.64,16,41,12.6,AR,1682369394
229,palmer,42.1584,-72.3287,288.14,48,75,2.57,US,1682369394
230,usevia,-7.1,31.2333,292.31,96,100,0.64,TZ,1682369394
231,nova sintra,14.8667,-24.7167,293.51,74,2,8.81,CV,1682369394
232,saudarkrokur,65.7461,-19.6394,273.94,62,37,2.95,IS,1682369395
233,bocas del toro,9.3333,-82.25,300.55,72,21,2.98,PA,1682369395
234,shingu,33.7333,135.9833,284.63,80,100,3.39,JP,1682369395
235,kirensk,57.7853,108.1119,270.7,92,100,0.86,RU,1682369108
236,port mathurin,-19.6833,63.4167,299.14,84,100,8.86,MU,1682369396
237,varberg,57.1056,12.2508,284.29,88,100,5.56,SE,1682369396
238,bamusso,4.4591,8.9027,299.65,87,62,1.96,CM,1682369396
239,lublin,51.0,23.0,286.92,80,89,4.48,PL,1682369137
240,tupiza,-21.45,-65.7167,293.67,7,0,9.35,BO,1682369397
241,labuan,5.2767,115.2417,299.35,89,20,0.0,MY,1682369397
242,talnakh,69.4865,88.3972,275.49,77,87,3.96,RU,1682369397
243,fukuecho,32.6881,128.8419,286.11,90,100,4.16,JP,1682369397
244,sao felix do xingu,-6.6447,-51.995,298.14,83,100,1.07,BR,1682369398
245,rincon,32.296,-81.2354,297.13,27,75,2.06,US,1682369398
246,blenheim,-41.516,173.9528,285.47,80,7,3.49,NZ,1682369398
247,akureyri,65.6835,-18.0878,274.11,64,75,6.17,IS,1682369398
248,malax,62.9423,21.5731,274.38,93,100,2.06,FI,1682369399
249,san clemente del tuyu,-36.3569,-56.7235,291.27,91,8,3.87,AR,1682369352
250,kurgan,55.45,65.3333,282.85,76,100,3.08,RU,1682369220
251,holualoa,19.6228,-155.9522,298.46,76,0,3.6,US,1682369337
252,new norfolk,-42.7826,147.0587,284.66,87,100,0.45,AU,1682369400
253,harstad,68.799,16.5293,271.83,79,12,0.92,NO,1682369401
254,hailar,49.2,119.7,270.1,62,95,5.56,CN,1682369401
255,motueka,-41.1333,173.0167,285.43,67,32,2.4,NZ,1682369402
256,coquimbo,-29.9533,-71.3436,291.0,72,0,4.63,CL,1682369402
257,castillos,-34.1667,-53.8333,292.41,88,41,4.0,UY,1682369403
258,santiago de cao,-7.9589,-79.2392,299.22,69,97,5.66,PE,1682369403
259,usinsk,65.9939,57.5281,269.64,93,100,2.65,RU,1682369404
260,atafu village,-8.5421,-172.5159,302.33,72,100,4.88,TK,1682369404
261,sinop,41.7711,34.8709,278.46,90,4,3.29,TR,1682369405
262,mar del plata,-38.0023,-57.5575,292.09,91,100,4.12,AR,1682369405
263,polyarnyy,69.1989,33.4478,266.05,82,7,4.27,RU,1682369405
264,los alamos,35.8881,-106.307,291.0,26,75,7.2,US,1682369406
265,pontes e lacerda,-15.2261,-59.3353,298.04,92,14,1.69,BR,1682369406
266,amga,60.8953,131.9608,269.82,95,100,2.45,RU,1682369406
267,anisoc,1.8658,10.7689,294.89,99,73,1.0,GQ,1682369407
268,north platte,41.1239,-100.7654,294.09,28,40,7.2,US,1682369407
269,wanning,18.8003,110.3967,298.42,90,52,2.31,CN,1682369408
270,tralee,52.2704,-9.7026,277.62,80,13,2.62,IE,1682369408
271,byron bay,-28.65,153.6167,288.54,69,100,5.85,AU,1682368896
272,tual,-5.6667,132.75,301.33,73,18,1.39,ID,1682369409
273,qamdo,31.1667,97.2333,269.16,32,61,1.79,CN,1682369409
274,san juan de miraflores,-12.1629,-76.9635,298.44,75,28,5.17,PE,1682369410
275,punta gorda,26.9298,-82.0454,303.25,63,40,5.66,US,1682369410
276,kapa'a,22.0752,-159.319,299.14,83,0,3.09,US,1682369411
277,mugia,43.1041,-9.2179,289.35,92,100,5.23,ES,1682369411
278,roma,43.2128,-75.4557,284.11,69,40,5.66,US,1682369163
279,san agustin de valle fertil,-30.6335,-67.4682,293.49,48,34,5.5,AR,1682369412
280,kurtamysh,54.9103,64.4319,284.07,62,78,3.19,RU,1682369412
281,east london,-33.0153,27.9116,294.35,87,100,3.31,ZA,1682369413
282,gornozavodsk,58.3758,58.3211,279.49,87,28,2.34,RU,1682369413
283,fort bragg,35.139,-79.006,293.4,37,0,3.09,US,1682369413
284,mili,6.0815,171.735,301.2,81,97,8.89,MH,1682369414
285,wanxian,30.8039,108.3897,283.51,94,100,0.51,CN,1682369414
286,st. john's,47.5649,-52.7093,276.36,95,100,8.23,CA,1682369284
287,caluula,11.9661,50.7569,301.49,61,41,3.78,SO,1682369415
288,ar ruways,24.1103,52.7306,300.36,51,27,1.9,AE,1682369415
289,surovikino,48.6078,42.8486,285.51,86,100,5.7,RU,1682369415
290,aktau,43.65,51.2,298.47,25,100,14.53,KZ,1682369416
291,obock,12.25,43.0833,296.83,75,66,5.22,DJ,1682369416
292,anshan,41.1236,122.99,284.3,37,100,5.26,CN,1682369417
293,shimoda,34.6667,138.95,283.76,72,60,5.69,JP,1682369417
294,kenai,60.5544,-151.2583,274.2,59,0,4.63,US,1682369418
295,phalodi,27.1333,72.3667,300.76,17,97,3.45,IN,1682369418
296,kulhudhuffushi,6.6221,73.07,302.17,67,100,1.64,MV,1682369418
297,ocean city,39.2776,-74.5746,289.25,47,32,0.45,US,1682369419
298,bandon,51.7469,-8.7425,279.92,89,14,2.86,IE,1682369419
299,falmouth,50.1544,-5.0711,281.85,80,40,2.24,GB,1682369420
300,ipswich,52.0592,1.1555,280.38,75,75,3.6,GB,1682369421
301,ayr,55.4627,-4.6339,279.54,75,78,2.55,GB,1682369421
302,malvan,16.0667,73.4667,298.42,82,5,3.14,IN,1682369421
303,pahrump,36.2083,-115.9839,301.45,12,0,2.24,US,1682369422
304,emerald,-23.5333,148.1667,288.34,86,0,6.99,AU,1682369422
305,berdigestyakh,62.0989,126.6992,268.78,94,100,4.52,RU,1682369423
306,ouadda,8.0777,22.4007,295.07,75,92,1.46,CF,1682369423
307,afif,23.9065,42.9172,295.73,43,4,5.31,SA,1682369423
308,lavington,-36.05,146.9333,285.22,100,0,0.45,AU,1682369424
309,anna regina,7.2644,-58.5077,300.05,79,65,3.7,GY,1682369424
310,barranca,-10.75,-77.7667,298.59,71,77,5.78,PE,1682369425
311,shklow,54.2108,30.2919,282.84,73,11,3.33,BY,1682369425
312,codrington,-38.2667,141.9667,287.29,77,10,4.5,AU,1682369425
313,lionel town,17.8101,-77.2406,301.82,59,36,3.09,JM,1682369426
314,popondetta,-8.7537,148.2534,297.19,91,66,0.95,PG,1682369426
315,bogale,16.2833,95.4,301.03,77,5,3.03,MM,1682369427
316,tulun,54.5611,100.5792,275.89,58,100,2.14,RU,1682369427
317,inirida,3.8653,-67.9239,298.53,86,100,1.46,CO,1682369427
318,gizo,-8.103,156.8419,300.56,78,83,1.44,SB,1682369428
319,de aar,-30.6497,24.0123,288.98,22,37,2.71,ZA,1682369428
320,revelstoke,50.9832,-118.2023,286.16,54,100,1.54,CA,1682369429
321,acapulco de juarez,16.8634,-99.8901,304.05,58,0,3.09,MX,1682369221
322,lazaro cardenas,17.9583,-102.2,302.07,56,25,5.0,MX,1682369208
323,salinas,36.6777,-121.6555,298.7,61,0,6.69,US,1682369430
324,alamogordo,32.8995,-105.9603,298.68,20,0,4.63,US,1682369430
325,san julian,21.0167,-102.1667,301.84,8,16,8.65,MX,1682369430
326,agat village,13.3886,144.6585,300.21,92,0,3.6,GU,1682369431
327,aguada de pasajeros,22.385,-80.8508,304.91,39,37,5.03,CU,1682369431
328,monchegorsk,67.9397,32.8739,267.28,87,19,1.16,RU,1682369431
329,necochea,-38.5473,-58.7368,290.89,71,22,4.29,AR,1682369432
330,mumbwa,-14.9783,27.0619,293.52,52,100,3.66,ZM,1682369432
331,praia da vitoria,38.7333,-27.0667,292.29,77,20,5.55,PT,1682369432
332,zahedan,29.4963,60.8629,291.1,32,0,2.06,IR,1682369107
333,panaba,21.2833,-88.2667,309.7,30,92,3.33,MX,1682369433
334,taourirt,34.4073,-2.8973,294.54,41,0,2.35,MA,1682369433
335,wynyard,-41.0,145.7167,283.69,97,12,2.25,AU,1682369434
336,kaspiyskiy,45.3929,47.3707,286.74,74,98,2.44,RU,1682369434
337,petrolina,-9.3986,-40.5008,303.18,48,20,2.57,BR,1682369434
338,yulinshi,38.2906,109.7494,278.38,77,5,2.74,CN,1682369435
339,n'zeto,-7.2312,12.8666,299.34,92,99,3.12,AO,1682369435
340,daryapur,20.9333,77.3333,303.74,27,88,2.61,IN,1682369435
341,golyshmanovo,56.3979,68.3728,277.23,54,100,2.55,RU,1682369435
342,longyearbyen,78.2186,15.6401,264.06,73,0,4.12,SJ,1682369436
343,concordia,-31.393,-58.0209,295.25,82,100,2.06,AR,1682369436
344,nuku'alofa,-21.1333,-175.2,298.34,83,75,0.51,TO,1682369437
345,smithers,54.7804,-127.1743,284.33,37,40,6.17,CA,1682369437
346,kampong cham,11.9934,105.4635,301.5,67,33,2.94,KH,1682369437
347,kilinochchi,9.3961,80.3982,299.08,90,93,2.54,LK,1682369438
348,lebu,-37.6167,-73.65,287.04,76,42,1.78,CL,1682369438
349,suva,-18.1416,178.4415,296.86,94,20,2.06,FJ,1682369438
350,mundri,-6.9558,111.71,297.24,93,100,1.36,ID,1682369438
351,aleksandrov gay,50.147,48.5704,286.08,90,100,7.31,RU,1682369439
352,sao jose de ribamar,-2.5619,-44.0542,300.36,80,91,6.24,BR,1682369439
353,trenggalek,-8.05,111.7167,297.28,93,76,0.76,ID,1682369439
354,kapuskasing,49.4169,-82.4331,273.2,80,100,5.14,CA,1682369440
355,cockburn town,21.4612,-71.1419,298.67,72,15,3.87,TC,1682369440
356,pakala,13.4667,79.1167,298.94,86,100,4.36,IN,1682369440
357,egilsstadir,65.2653,-14.3948,272.1,69,75,6.69,IS,1682369441
358,tucuma,-0.1833,-50.05,298.79,87,57,3.16,BR,1682369441
359,rio grande,-32.035,-52.0986,297.21,77,10,6.96,BR,1682369427
360,labrador city,52.9463,-66.9114,283.1,43,0,3.6,CA,1682369442
361,port shepstone,-30.7414,30.455,295.6,81,100,2.25,ZA,1682369442
362,fuxin,42.0156,121.6589,284.39,50,100,6.04,CN,1682369442
363,izluchinsk,60.9794,76.9242,269.16,79,87,6.76,RU,1682369443
364,newman,37.3138,-121.0208,299.29,35,17,2.24,US,1682369443
365,itamaraca,-7.7478,-34.8256,300.18,82,68,3.74,BR,1682369443
366,santa cruz cabralia,-16.2781,-39.0247,299.28,78,75,3.09,BR,1682369444
367,turkmenbasy,40.0222,52.9552,292.58,48,0,4.12,TM,1682369444
368,west end,26.6833,-78.9667,299.14,68,100,3.99,BS,1682369444
369,karlskoga,59.3267,14.5239,278.77,90,100,5.16,SE,1682369445
370,igarka,67.4667,86.5833,274.27,96,100,8.54,RU,1682369445
371,timimoun,29.2639,0.231,300.84,14,0,4.29,DZ,1682369445
372,eureka,40.8021,-124.1637,291.3,69,95,5.36,US,1682369416
373,letlhakeng,-24.0944,25.0298,293.28,42,89,6.88,BW,1682369446
374,san andres,12.5847,-81.7006,304.16,58,20,3.09,CO,1682369446
375,nabire,-3.3667,135.4833,297.3,92,34,1.32,ID,1682369363
376,tukrah,32.5341,20.5791,289.5,86,0,4.86,LY,1682369447
377,mhango,-3.2833,32.85,290.62,96,92,0.59,TZ,1682369447
378,leua,48.2156,18.6071,283.54,90,100,3.1,SK,1682369447
379,usogorsk,63.4106,48.6872,279.68,90,66,5.15,RU,1682369447
380,urumqi,43.801,87.6005,283.68,37,0,4.0,CN,1682369448
381,aykhal,66.0,111.5,260.86,100,96,2.36,RU,1682369196
382,boguchany,58.3814,97.4531,273.53,92,100,1.8,RU,1682369448
383,okhotsk,59.3833,143.3,271.26,80,100,3.63,RU,1682369449
384,minas de marcona,-15.2119,-75.1103,292.93,70,4,7.73,PE,1682369449
385,tsiombe,-25.3,45.4833,292.77,88,0,2.07,MG,1682369449
386,elverum,60.8819,11.5623,274.43,99,100,2.92,NO,1682369449
387,saint-philippe,-21.3585,55.7679,298.92,79,49,2.88,RE,1682369450
388,cururupu,-1.8283,-44.8683,298.57,83,96,2.2,BR,1682369294
389,porto novo,6.4965,2.6036,302.05,76,100,2.54,BJ,1682369450
390,crane,31.3974,-102.3501,292.95,46,53,6.78,US,1682369451
391,collie,-33.3667,116.15,280.82,95,39,1.71,AU,1682369451
392,san pedro pochutla,15.7333,-96.4667,306.32,50,47,4.26,MX,1682369451
393,gisborne,-38.6533,178.0042,284.51,63,1,2.51,NZ,1682369451
394,revda,56.801,59.9303,281.48,77,70,2.1,RU,1682369401
395,dauphin,51.1494,-100.0502,279.23,56,40,4.12,CA,1682369452
396,kukawa,12.9234,13.5606,304.78,36,100,3.82,NG,1682369452
397,emporia,38.4039,-96.1817,292.32,29,20,6.69,US,1682369453
398,xinyuan,37.3,99.0,268.23,38,0,2.68,CN,1682369453
399,klaksvik,62.2266,-6.589,274.66,60,100,9.24,FO,1682369453
400,manhumirim,-20.3578,-41.9581,292.32,88,96,1.33,BR,1682369454
401,kolonia,50.9333,6.95,283.13,74,20,2.06,DE,1682369454
402,mount gambier,-37.8333,140.7667,286.68,75,65,2.93,AU,1682369454
403,mogok,22.9167,96.5,291.95,60,0,0.65,MM,1682369455
404,mazara del vallo,37.6641,12.588,289.78,79,18,2.27,IT,1682369455
405,susuman,62.7833,148.1667,266.75,91,99,2.59,RU,1682369456
406,al ghayzah,16.2079,52.176,301.32,74,20,4.82,YE,1682369456
407,nar'yan-mar,67.6713,53.087,265.53,94,100,1.8,RU,1682369456
408,cambria,35.5641,-121.0808,299.69,57,62,6.31,US,1682369281
409,coxen hole,16.3244,-86.5366,302.79,70,20,5.14,HN,1682369457
410,gaoping,30.7758,106.1029,282.66,91,87,0.43,CN,1682369457
411,ceeldheer,3.8488,47.1806,301.37,76,97,4.56,SO,1682369457
412,hasaki,35.7333,140.8333,282.71,52,58,4.98,JP,1682369458
413,geraldton,-28.7667,114.6,287.38,82,75,3.09,AU,1682369458
414,west plains,36.7281,-91.8524,290.74,42,0,4.02,US,1682369458
415,sao joao da barra,-21.6403,-41.0511,298.2,78,58,3.84,BR,1682369316
416,cohoes,42.7742,-73.7001,286.52,58,100,4.12,US,1682369459
417,ishigaki,24.3448,124.1572,295.22,94,75,2.06,JP,1682369459
418,basawul,34.2475,70.8722,297.47,37,93,0.12,AF,1682369459
419,vadso,70.0744,29.7487,271.64,80,0,4.12,NO,1682369460
420,lautoka,-17.6167,177.4667,298.07,78,75,3.09,FJ,1682369460
421,kroya,-7.6331,109.2461,298.66,88,100,2.17,ID,1682369460
422,elliot lake,46.3834,-82.6331,277.34,79,100,2.06,CA,1682369460
423,al jawf,29.5,38.75,295.23,22,1,5.9,SA,1682369461
424,liperi,62.5333,29.3667,276.41,93,75,2.06,FI,1682369461
425,ulan bator,47.9077,106.8832,264.22,62,0,0.0,MN,1682369386
426,calabar,4.9517,8.322,299.88,86,94,1.76,NG,1682369462
427,dzerzhinskoye,56.8344,95.2283,277.36,77,100,3.05,RU,1682369462
428,nikolayevsk-on-amure,53.1406,140.73,272.86,74,83,3.06,RU,1682369463
429,sao paulo de olivenca,-3.3783,-68.8725,294.57,99,100,1.35,BR,1682369463
430,dryden,49.7833,-92.7503,276.31,41,100,3.6,CA,1682369464
431,la passe,45.5549,-0.8967,284.28,89,100,1.4,FR,1682369464
432,obera,-27.4871,-55.1199,291.66,95,81,1.16,AR,1682369464
433,perryton,36.4,-100.8027,284.26,63,100,7.2,US,1682369465
434,ambovombe,-25.1667,46.0833,293.68,84,0,2.88,MG,1682369465
435,kiunga,-6.1219,141.2906,294.9,97,89,0.41,PG,1682369466
436,neftcala,39.3742,49.2472,289.45,68,100,5.03,AZ,1682369466
437,kerikeri,-35.2268,173.9474,284.77,95,0,1.3,NZ,1682369466
438,farnworth,53.55,-2.4,280.23,65,44,2.13,GB,1682369467
439,saipan,15.1355,145.701,300.54,100,75,7.2,MP,1682369467
440,missoula,47.0166,-113.8009,277.08,87,100,2.13,US,1682369401
441,touros,-5.1989,-35.4608,300.08,79,34,5.91,BR,1682369468
442,hilo,19.7297,-155.09,302.19,68,75,4.02,US,1682369468
443,sao jose da coroa grande,-8.8978,-35.1478,298.27,86,51,3.1,BR,1682369468
444,synel'nykove,48.3204,35.5179,285.18,69,100,2.73,UA,1682369469
445,banamba,13.55,-7.45,304.89,13,0,3.4,ML,1682369469
446,alness,57.696,-4.2551,277.02,84,86,2.24,GB,1682369469
447,irbit,57.6705,63.071,278.61,89,78,2.42,RU,1682369470
448,ciudad lazaro cardenas,17.9583,-102.2,302.07,56,25,5.0,MX,1682369470
449,glace bay,46.1969,-59.957,280.96,66,75,4.63,CA,1682369470
450,al bayda',32.7627,21.7551,287.87,70,0,2.78,LY,1682369471
451,plettenberg bay,-34.0527,23.3716,290.42,91,99,2.78,ZA,1682369471
452,ilhabela,-23.7781,-45.3581,294.85,81,0,2.07,BR,1682369472
453,san jose,37.3394,-121.895,299.44,35,0,6.17,US,1682369201
454,pacocha,-17.5833,-71.3333,295.23,78,0,7.72,PE,1682369472
455,lerwick,60.1545,-1.1494,276.15,62,97,10.08,GB,1682369473
456,nouadhibou,20.931,-17.0347,293.14,77,0,9.26,MR,1682369474
457,hami,42.8,93.45,286.2,18,8,1.0,CN,1682369474
458,san jose del guaviare,2.5729,-72.6459,298.9,89,100,1.46,CO,1682369474
459,beyneu,45.3167,55.2,291.6,35,69,9.91,KZ,1682369475
460,el calafate,-50.3408,-72.2768,284.2,81,25,4.61,AR,1682369298
461,tortoli,39.9256,9.6572,291.05,45,20,8.23,IT,1682369475
462,brookings,44.3114,-96.7984,284.36,41,20,2.57,US,1682369476
463,pisco,-13.7,-76.2167,300.18,61,0,10.8,PE,1682369476
464,muravlenko,63.7898,74.523,267.49,88,96,9.18,RU,1682369476
465,kerema,-7.9631,145.7785,299.26,85,64,1.23,PG,1682369477
466,capinopolis,-18.6819,-49.5697,298.02,61,58,1.64,BR,1682369477
467,ulaangom,49.9811,92.0667,276.74,36,100,1.31,MN,1682369478
468,lompoc,34.6391,-120.4579,297.98,63,20,7.72,US,1682369478
469,portsmouth heights,36.821,-76.3688,291.03,50,0,3.6,US,1682369479
470,howard springs,-12.497,131.047,298.1,82,54,3.1,AU,1682369266
471,nefta,33.8731,7.8777,300.29,22,92,3.88,TN,1682369479
472,high springs,29.8269,-82.5968,298.23,80,100,2.24,US,1682369280
473,al fqih ben calah,32.5009,-6.6906,296.85,22,2,3.29,MA,1682369480
474,uruacu,-14.5247,-49.1408,297.71,68,19,1.81,BR,1682369480
475,ola,59.5833,151.2833,274.9,79,100,7.45,RU,1682369481
476,rio preto da eva,-2.6994,-59.6997,300.34,81,98,1.02,BR,1682369481
477,barcelos,41.5388,-8.6151,289.73,93,87,0.31,PT,1682369481
478,nemuro,43.3236,145.575,276.39,73,22,7.93,JP,1682369482
479,chaozhou,23.6651,116.6379,294.07,90,100,1.56,CN,1682369482
480,ixtapa,20.7,-105.2,305.82,24,100,3.5,MX,1682369483
481,namibe,-15.1961,12.1522,297.07,68,20,2.74,AO,1682369483
482,mondlo,-27.983,30.7177,287.99,69,100,2.39,ZA,1682369483
483,funafuti,-8.5243,179.1942,304.15,79,20,0.0,TV,1682369484
484,tehachapi,35.1322,-118.449,299.44,51,18,8.94,US,1682369398
485,lovington,32.944,-103.3485,284.62,39,100,6.4,US,1682369484
486,sabalgarh,26.25,77.4,297.18,45,100,4.23,IN,1682369485
487,sundumbili,-29.1337,31.3975,293.12,76,100,1.46,ZA,1682369485
488,urangan,-25.3,152.9,296.41,59,84,7.87,AU,1682369486
489,sault ste. marie,46.5168,-84.3333,279.31,77,100,5.14,CA,1682369280
490,the pas,53.8251,-101.2541,279.16,42,0,4.63,CA,1682369486
491,bulanik,39.0929,42.2703,280.62,82,17,2.55,TR,1682369486
492,sarikamis,40.3381,42.5731,276.41,83,11,2.0,TR,1682369487
493,arraial do cabo,-22.9661,-42.0278,297.13,64,40,2.57,BR,1682369487
494,gornopravdinsk,60.05,69.9,270.7,83,92,1.77,RU,1682369487
495,bel ombre,-4.6167,55.4167,302.06,84,40,1.03,SC,1682369488
496,karimganj,24.8667,92.35,294.5,67,4,1.58,IN,1682369488
497,ventimiglia,43.7935,7.6026,290.63,58,45,2.67,IT,1682369489
498,dhidhdhoo,6.8833,73.1,302.37,65,100,1.77,MV,1682369370
499,conception bay south,47.4999,-52.9981,276.23,95,100,7.91,CA,1682369489
500,thohoyandou,-22.9456,30.485,291.95,64,0,1.0,ZA,1682369489
501,eyl,7.9803,49.8164,301.52,75,76,5.28,SO,1682369490
502,kavaratti,10.5669,72.642,301.33,71,49,3.5,IN,1682369490
503,inongo,-1.95,18.2667,297.08,82,100,2.3,CD,1682369490
504,tianshui,34.5439,105.6897,279.55,72,18,0.77,CN,1682369491
505,lacin,40.7702,34.8984,279.27,91,4,1.19,TR,1682369491
506,grand falls-windsor,48.9332,-55.6649,276.76,92,100,2.24,CA,1682369491
507,aleg,17.0481,-13.9209,309.47,12,1,3.53,MR,1682369492
508,alo,7.4178,6.7371,301.36,67,100,0.53,NG,1682369492
509,formosa,-26.1775,-58.1781,298.14,78,75,3.09,AR,1682369492
510,vlissingen,51.4425,3.5736,281.6,79,30,3.09,NL,1682369493
511,gorodoviki,46.1353,41.9656,283.24,93,81,2.88,RU,1682369493
512,paris,48.8534,2.3488,283.47,89,100,5.14,FR,1682369417
513,ogaminana,7.5946,6.2248,299.95,73,99,0.11,NG,1682369493
514,marshfield,44.6689,-90.1718,281.17,65,100,5.14,US,1682369494
515,saldanha,-33.0117,17.9442,289.06,93,14,2.23,ZA,1682369494
516,grebenskaya,43.5317,46.3733,288.31,74,100,3.52,RU,1682369495
517,taltal,-25.4,-70.4833,292.55,75,30,3.14,CL,1682369295
518,murzuq,25.9155,13.9184,299.16,25,58,7.34,LY,1682369496
519,tarko-sale,64.9225,77.785,267.75,91,90,7.66,RU,1682369496
520,olinda,-8.0089,-34.8553,300.0,78,40,5.66,BR,1682369481
521,yerofey pavlovich,53.9667,121.9667,267.65,70,100,1.87,RU,1682369497
522,berezovyy,51.6667,135.7,271.8,71,36,2.19,RU,1682369497
523,kaka,37.3482,59.6143,296.19,23,9,1.44,TM,1682369498
524,mersa matruh,31.3525,27.2453,291.26,72,0,5.66,EG,1682369498
525,quelimane,-17.8786,36.8883,297.12,88,0,0.0,MZ,1682369498
526,angra do heroismo,38.65,-27.2167,292.49,90,20,3.13,PT,1682369219
527,sinabang,2.4803,96.3801,300.04,81,100,0.76,ID,1682369499
528,jaciara,-15.9653,-54.9683,298.36,75,98,1.0,BR,1682369283
529,insar,53.8653,44.3738,284.34,63,90,2.14,RU,1682369499
530,broken hill,-31.95,141.4333,290.12,56,3,4.07,AU,1682369499
531,enewetak,11.3474,162.3373,299.29,86,100,7.91,MH,1682369500
532,carlsbad,33.1581,-117.3506,297.29,70,100,5.36,US,1682369451
533,luwuk,-0.9516,122.7875,298.69,86,32,1.29,ID,1682369500
534,dori,14.0354,-0.0345,306.95,13,0,3.34,BF,1682369501
535,sao gabriel da cachoeira,-0.1303,-67.0892,295.42,99,100,0.74,BR,1682369501
536,severo-yeniseyskiy,60.3725,93.0408,271.72,98,99,1.74,RU,1682369501
537,hun,29.1268,15.9477,294.72,37,100,4.72,LY,1682369501
538,manokwari,-0.8667,134.0833,299.0,80,61,1.08,ID,1682369502
539,kargasok,59.0556,80.8572,269.52,79,68,7.7,RU,1682369502
540,bairnsdale,-37.8333,147.6167,285.82,84,0,2.18,AU,1682369502
541,kashary,49.04,41.0056,284.39,92,100,2.57,RU,1682369503
542,kantagi,43.5264,68.5775,289.23,33,4,9.36,KZ,1682369503
543,palapag,12.5458,125.1147,298.47,88,48,3.11,PH,1682369504
544,rabaul,-4.1967,152.1721,299.63,80,72,3.17,PG,1682369505
545,tuensang,26.2833,94.8333,288.32,93,0,1.26,IN,1682369505
546,kaitong,44.8135,123.15,284.84,33,100,6.82,CN,1682369505
547,port hedland,-20.3167,118.5667,297.18,88,97,2.06,AU,1682369505
548,haiku-pauwela,20.9219,-156.3051,300.16,62,40,1.54,US,1682369506
549,nyaungdon,17.0333,95.65,301.12,71,0,3.04,MM,1682369506
550,zabol,32.25,67.25,288.7,15,44,1.28,AF,1682369506
551,lisakovsk,52.5369,62.4936,285.13,48,9,4.58,KZ,1682369507
552,mana,5.6592,-53.7767,297.98,86,100,4.39,GF,1682369507
553,lapai,9.05,6.5667,301.25,68,100,1.78,NG,1682369507
554,la palma,33.8464,-118.0467,298.02,66,40,5.14,US,1682369508
555,la'ie,21.6477,-157.9253,301.54,68,7,0.45,US,1682369508
556,nguigmi,14.2495,13.1092,304.39,17,100,3.79,NE,1682369508
557,ndele,8.4109,20.6473,297.16,61,100,1.09,CF,1682369509
558,luganville,-15.5333,167.1667,300.08,81,96,2.55,VU,1682369509
559,paidha,2.4167,30.9855,289.36,84,93,1.3,UG,1682369510
560,rumphi,-11.0186,33.8575,290.83,95,3,1.42,MW,1682369510
561,bryne,58.7354,5.6477,278.67,81,75,10.29,NO,1682369510
562,puerto deseado,-47.7503,-65.8938,293.12,22,5,10.42,AR,1682369298
563,gus'-khrustal'nyy,55.6111,40.6519,282.98,77,71,2.39,RU,1682369511
564,kaa-khem,51.6833,94.7333,277.56,48,79,2.64,RU,1682369511
565,ko lanta,7.5336,99.0865,300.42,79,100,2.96,TH,1682369511
566,noosa heads,-26.3833,153.15,292.78,76,39,9.63,AU,1682369512
567,keflavik,64.0049,-22.5624,279.1,70,75,2.57,IS,1682369512
568,miandrivazo,-19.5167,45.4667,295.42,80,0,0.58,MG,1682369512
569,zavodskoy,43.4597,132.2922,274.92,74,99,3.0,RU,1682369512
570,dakhla,23.6848,-15.958,292.16,82,0,8.23,EH,1682369513
571,bochum,51.4833,7.2167,281.16,75,18,2.24,DE,1682369513
572,soio,-6.1349,12.3689,299.82,90,98,2.33,AO,1682369513
573,alaghsas,17.0187,8.0168,304.53,12,5,4.77,NE,1682369514
574,at taj,24.2049,23.2857,301.82,18,35,10.87,LY,1682369514
575,cacheu,12.2706,-16.1658,300.2,53,5,3.38,GW,1682369514
576,komsomol'sk,49.0097,33.6455,284.23,68,74,1.27,UA,1682369515
577,mata-utu,-13.2816,-176.1745,301.49,72,99,2.85,WF,1682369515
578,labytnangi,66.6572,66.4183,265.08,87,12,5.07,RU,1682369515
579,fagaras,45.85,24.9667,283.61,75,85,1.45,RO,1682369515
580,hotan,37.0997,79.9269,289.74,15,0,2.89,CN,1682369516
581,shaffa,10.5067,12.3332,299.62,57,82,0.93,NG,1682369516
582,hadibu,12.65,54.0333,301.02,70,9,0.99,YE,1682369516
583,kiama,-34.6833,150.8667,290.37,91,7,0.45,AU,1682369517
584,nadi,-17.8,177.4167,298.15,78,75,3.09,FJ,1682369517
585,ngama,11.7833,17.1667,302.07,50,97,5.04,TD,1682369517
586,tafresh,34.692,50.013,288.38,42,79,1.27,IR,1682369518
587,saint-francois,46.4154,3.9054,283.84,71,0,1.03,FR,1682369518
588,pembroke,45.8168,-77.1162,282.69,60,100,2.2,CA,1682369301
589,arrifes,37.7667,-25.7,289.29,100,75,2.57,PT,1682369519
590,pangobilian,8.8011,117.8594,299.88,85,100,2.86,PH,1682369519
591,soeng sang,14.4264,102.4606,302.28,63,100,1.35,TH,1682369519
592,dubbo,-32.25,148.6167,285.22,87,5,4.63,AU,1682369520
